first_name,last_name,email,phone,national_number
Geneviève,Benard,jeannine22@la-possibilite-d-innover-autrement.org,0269038776,86.08.08-122.93
Marthe,Meyer,vreynaud@l-assurance-d-evoluer-de-maniere-efficace.com,+32 3 29 80 68 37,52.10.07-268.08
Alexandre,Guichard,jacques28@le-droit-d-avancer-de-maniere-efficace.org,+32 (0)1 60 22 02 19,47.08.25-253.66
Pénélope,Salmon,matthieu76@la-liberte-de-louer-autrement.net,0177741781,82.01.19-741.32
Céline,Chauveau,eric44@le-confort-d-avancer-a-sa-source.net,0486092188,81.04.10-380.37
Noémi,Salmon,jrousseau@la-liberte-d-avancer-de-maniere-sure.com,08 00 50 89 39,89.05.13-294.96
Gilbert,Bernard,juliettesauvage@l-avantage-d-avancer-plus-rapidement.net,+32 (0)5 58 14 15 86,82.12.26-067.45
Marcel,Legros,loiseauelisabeth@le-confort-d-atteindre-vos-buts-de-maniere-efficace.net,0450125883,83.02.02-888.01
Arnaude,Gaillard,texierclaude@la-possibilite-de-louer-en-toute-tranquilite.com,+32 5 49 82 32 41,69.02.09-949.89
Valentine,Bourdon,frederic68@le-droit-d-evoluer-sans-soucis.com,+32 4 82 86 87 47,67.11.04-923.09
William,Dupont,cecile77@le-plaisir-d-atteindre-vos-buts-naturellement.com,02 35 87 95 60,92.01.17-698.56
Margaret,Besson,mmartin@la-liberte-de-louer-a-l-etat-pur.net,0170413735,65.12.27-426.65
Lorraine,Sanchez,marioncharles@le-droit-d-avancer-autrement.com,+32 (0)4 72 30 57 38,71.09.07-130.28
Thibaut,Rousseau,roger04@le-confort-d-evoluer-naturellement.com,+32 2 96 89 46 26,58.04.21-762.36
Odette,Salmon,lacombemarine@le-confort-de-changer-plus-facilement.com,05 63 08 17 12,79.10.24-687.95
Hélène,Jacques,fredericrenard@la-liberte-de-changer-autrement.com,+32 2 21 17 85 52,48.02.05-197.74
Julie,Merle,peltierraymond@la-liberte-d-evoluer-sans-soucis.org,+32 (0)3 44 84 35 15,54.11.12-468.43
Martine,Lemaître,thomaslabbe@l-assurance-d-atteindre-vos-buts-de-maniere-efficace.org,+32 1 58 91 71 64,94.05.10-557.78
Marie,Berger,jeanfournier@le-pouvoir-de-changer-de-maniere-sure.net,0438911520,47.10.03-314.11
Yves,Marchand,laure13@l-art-d-innover-plus-facilement.org,+32 (0)8 05 48 29 94,77.03.16-878.95
Jérôme,Salmon,obigot@le-pouvoir-de-changer-a-la-pointe.com,0228578649,53.03.29-621.69
Alix,Petitjean,ncaron@le-plaisir-d-evoluer-sans-soucis.net,0238451471,65.07.21-949.77
Honoré,Joseph,denisrousseau@la-liberte-d-avancer-plus-facilement.com,+32 (0)3 82 59 37 61,64.03.07-040.48
Margaud,Laroche,aubertandree@le-plaisir-d-evoluer-a-sa-source.net,04 38 52 98 76,96.12.20-045.03
Patrick,Martineau,edith37@le-confort-de-changer-a-sa-source.net,0219655925,84.05.04-978.21
Gabrielle,Nicolas,christopheroche@le-plaisir-de-louer-a-sa-source.org,02 78 81 60 45,60.10.11-739.69
Maryse,Nicolas,honoremartinez@la-liberte-d-avancer-a-la-pointe.com,0411284421,46.08.24-100.29
Océane,Bouvet,simone88@l-avantage-d-atteindre-vos-buts-avant-tout.net,+32 (0)2 41 04 16 16,82.12.01-442.89
Marthe,Turpin,ofaivre@le-plaisir-de-changer-en-toute-tranquilite.net,0375281330,89.05.14-881.39
Bernadette,Rocher,lacroixluce@l-assurance-de-concretiser-vos-projets-sans-soucis.net,0413638718,93.11.22-479.22
Isabelle,Guillot,francoisjules@le-droit-d-avancer-a-la-pointe.org,05 90 57 34 76,86.08.15-414.94
Capucine,Pruvost,robert98@l-art-de-changer-a-sa-source.net,+32 (0)2 30 73 85 44,82.03.25-706.36
Anne,Bouchet,danielleloiseau@le-confort-d-innover-plus-rapidement.com,0427518830,88.01.07-171.36
Marine,Valentin,margaux26@l-avantage-de-changer-plus-rapidement.org,01 70 57 18 17,57.01.08-334.81
Émilie,Muller,bernadette96@le-droit-d-atteindre-vos-buts-plus-rapidement.net,+32 (0)1 43 55 60 13,76.08.27-636.11
Margot,Guérin,laurencemenard@le-plaisir-de-concretiser-vos-projets-avant-tout.com,0518058400,53.05.31-756.41
Catherine,Dumont,qalexandre@l-avantage-d-evoluer-de-maniere-sure.org,0385740079,50.06.25-821.61
Marguerite,Charpentier,zleduc@la-possibilite-d-atteindre-vos-buts-plus-rapidement.net,+32 (0)4 92 90 46 66,88.07.10-270.56
Nath,Rémy,bouchettheophile@le-pouvoir-d-innover-de-maniere-sure.org,0352006800,86.09.19-004.00
Noémi,Boucher,humbertnath@le-plaisir-de-louer-naturellement.org,0299450279,97.06.14-061.08
Alice,Masse,devauxalice@le-confort-de-concretiser-vos-projets-plus-facilement.net,+32 4 92 52 88 71,83.09.01-277.99
Dominique,Hardy,constance85@l-assurance-de-rouler-a-l-etat-pur.org,03 54 72 70 68,60.03.16-454.53
